{
  "France": {
    "champion_prob": 0.22183,
    "final_prob": 0.36286,
    "third_place_prob": 0.1023,
    "semifinal_prob": 0.49587,
    "quarterfinal_prob": 0.64912,
    "r16_prob": 0.79331,
    "r32_prob": 0.87268,
    "counts": {
      "championships": 22183,
      "finals": 36286,
      "third_places": 10230,
      "semifinals": 49587,
      "quarterfinals": 64912,
      "r16": 79331,
      "r32": 87268
    }
  },
  "England": {
    "champion_prob": 0.17967,
    "final_prob": 0.31224,
    "third_place_prob": 0.14074,
    "semifinal_prob": 0.49821,
    "quarterfinal_prob": 0.67724,
    "r16_prob": 0.77887,
    "r32_prob": 0.88127,
    "counts": {
      "championships": 17967,
      "finals": 31224,
      "third_places": 14074,
      "semifinals": 49821,
      "quarterfinals": 67724,
      "r16": 77887,
      "r32": 88127
    }
  },
  "Spain": {
    "champion_prob": 0.26498,
    "final_prob": 0.40755,
    "third_place_prob": 0.09588,
    "semifinal_prob": 0.53233,
    "quarterfinal_prob": 0.63609,
    "r16_prob": 0.75033,
    "r32_prob": 0.88406,
    "counts": {
      "championships": 26498,
      "finals": 40755,
      "third_places": 9588,
      "semifinals": 53233,
      "quarterfinals": 63609,
      "r16": 75033,
      "r32": 88406
    }
  },
  "Germany": {
    "champion_prob": 0.0426,
    "final_prob": 0.12435,
    "third_place_prob": 0.08524,
    "semifinal_prob": 0.26647,
    "quarterfinal_prob": 0.4998,
    "r16_prob": 0.69034,
    "r32_prob": 0.86458,
    "counts": {
      "championships": 4260,
      "finals": 12435,
      "third_places": 8524,
      "semifinals": 26647,
      "quarterfinals": 49980,
      "r16": 69034,
      "r32": 86458
    }
  },
  "Ecuador": {
    "champion_prob": 7e-05,
    "final_prob": 0.00197,
    "third_place_prob": 0.00358,
    "semifinal_prob": 0.02385,
    "quarterfinal_prob": 0.12555,
    "r16_prob": 0.33964,
    "r32_prob": 0.72963,
    "counts": {
      "championships": 7,
      "finals": 197,
      "third_places": 358,
      "semifinals": 2385,
      "quarterfinals": 12555,
      "r16": 33964,
      "r32": 72963
    }
  },
  "Türkiye": {
    "champion_prob": 0.00029,
    "final_prob": 0.00484,
    "third_place_prob": 0.00965,
    "semifinal_prob": 0.05393,
    "quarterfinal_prob": 0.25077,
    "r16_prob": 0.51466,
    "r32_prob": 0.78569,
    "counts": {
      "championships": 29,
      "finals": 484,
      "third_places": 965,
      "semifinals": 5393,
      "quarterfinals": 25077,
      "r16": 51466,
      "r32": 78569
    }
  },
  "Sweden": {
    "champion_prob": 2e-05,
    "final_prob": 0.00063,
    "third_place_prob": 0.00118,
    "semifinal_prob": 0.00975,
    "quarterfinal_prob": 0.07044,
    "r16_prob": 0.25281,
    "r32_prob": 0.62416,
    "counts": {
      "championships": 2,
      "finals": 63,
      "third_places": 118,
      "semifinals": 975,
      "quarterfinals": 7044,
      "r16": 25281,
      "r32": 62416
    }
  },
  "USA": {
    "champion_prob": 0.00057,
    "final_prob": 0.00835,
    "third_place_prob": 0.01513,
    "semifinal_prob": 0.07432,
    "quarterfinal_prob": 0.29385,
    "r16_prob": 0.59595,
    "r32_prob": 0.85408,
    "counts": {
      "championships": 57,
      "finals": 835,
      "third_places": 1513,
      "semifinals": 7432,
      "quarterfinals": 29385,
      "r16": 59595,
      "r32": 85408
    }
  },
  "Brazil": {
    "champion_prob": 0.09004,
    "final_prob": 0.19409,
    "third_place_prob": 0.09734,
    "semifinal_prob": 0.33809,
    "quarterfinal_prob": 0.48614,
    "r16_prob": 0.70396,
    "r32_prob": 0.87433,
    "counts": {
      "championships": 9004,
      "finals": 19409,
      "third_places": 9734,
      "semifinals": 33809,
      "quarterfinals": 48614,
      "r16": 70396,
      "r32": 87433
    }
  },
  "Tunisia": {
    "champion_prob": 0.0,
    "final_prob": 0.0,
    "third_place_prob": 1e-05,
    "semifinal_prob": 0.00069,
    "quarterfinal_prob": 0.01461,
    "r16_prob": 0.1071,
    "r32_prob": 0.45831,
    "counts": {
      "championships": 0,
      "finals": 0,
      "third_places": 1,
      "semifinals": 69,
      "quarterfinals": 1461,
      "r16": 10710,
      "r32": 45831
    }
  },
  "Czechia": {
    "champion_prob": 0.0,
    "final_prob": 8e-05,
    "third_place_prob": 0.00037,
    "semifinal_prob": 0.00496,
    "quarterfinal_prob": 0.06235,
    "r16_prob": 0.28981,
    "r32_prob": 0.75109,
    "counts": {
      "championships": 0,
      "finals": 8,
      "third_places": 37,
      "semifinals": 496,
      "quarterfinals": 6235,
      "r16": 28981,
      "r32": 75109
    }
  },
  "Ghana": {
    "champion_prob": 0.0,
    "final_prob": 7e-05,
    "third_place_prob": 0.00013,
    "semifinal_prob": 0.00293,
    "quarterfinal_prob": 0.03823,
    "r16_prob": 0.19722,
    "r32_prob": 0.60771,
    "counts": {
      "championships": 0,
      "finals": 7,
      "third_places": 13,
      "semifinals": 293,
      "quarterfinals": 3823,
      "r16": 19722,
      "r32": 60771
    }
  },
  "Panama": {
    "champion_prob": 0.0,
    "final_prob": 0.0,
    "third_place_prob": 0.0,
    "semifinal_prob": 8e-05,
    "quarterfinal_prob": 0.00495,
    "r16_prob": 0.07185,
    "r32_prob": 0.46666,
    "counts": {
      "championships": 0,
      "finals": 0,
      "third_places": 0,
      "semifinals": 8,
      "quarterfinals": 495,
      "r16": 7185,
      "r32": 46666
    }
  },
  "Uruguay": {
    "champion_prob": 0.00046,
    "final_prob": 0.00668,
    "third_place_prob": 0.01079,
    "semifinal_prob": 0.05739,
    "quarterfinal_prob": 0.15793,
    "r16_prob": 0.37958,
    "r32_prob": 0.71911,
    "counts": {
      "championships": 46,
      "finals": 668,
      "third_places": 1079,
      "semifinals": 5739,
      "quarterfinals": 15793,
      "r16": 37958,
      "r32": 71911
    }
  },
  "Portugal": {
    "champion_prob": 0.06786,
    "final_prob": 0.17876,
    "third_place_prob": 0.11094,
    "semifinal_prob": 0.36796,
    "quarterfinal_prob": 0.48167,
    "r16_prob": 0.72489,
    "r32_prob": 0.87321,
    "counts": {
      "championships": 6786,
      "finals": 17876,
      "third_places": 11094,
      "semifinals": 36796,
      "quarterfinals": 48167,
      "r16": 72489,
      "r32": 87321
    }
  },
  "Mexico": {
    "champion_prob": 0.00025,
    "final_prob": 0.00475,
    "third_place_prob": 0.00922,
    "semifinal_prob": 0.05055,
    "quarterfinal_prob": 0.22335,
    "r16_prob": 0.55909,
    "r32_prob": 0.86226,
    "counts": {
      "championships": 25,
      "finals": 475,
      "third_places": 922,
      "semifinals": 5055,
      "quarterfinals": 22335,
      "r16": 55909,
      "r32": 86226
    }
  },
  "Haiti": {
    "champion_prob": 0.0,
    "final_prob": 0.0,
    "third_place_prob": 0.0,
    "semifinal_prob": 1e-05,
    "quarterfinal_prob": 0.00096,
    "r16_prob": 0.02581,
    "r32_prob": 0.4248,
    "counts": {
      "championships": 0,
      "finals": 0,
      "third_places": 0,
      "semifinals": 1,
      "quarterfinals": 96,
      "r16": 2581,
      "r32": 42480
    }
  },
  "Netherlands": {
    "champion_prob": 0.01082,
    "final_prob": 0.04711,
    "third_place_prob": 0.04093,
    "semifinal_prob": 0.13306,
    "quarterfinal_prob": 0.32446,
    "r16_prob": 0.58337,
    "r32_prob": 0.88288,
    "counts": {
      "championships": 1082,
      "finals": 4711,
      "third_places": 4093,
      "semifinals": 13306,
      "quarterfinals": 32446,
      "r16": 58337,
      "r32": 88288
    }
  },
  "Scotland": {
    "champion_prob": 0.0,
    "final_prob": 6e-05,
    "third_place_prob": 0.00022,
    "semifinal_prob": 0.00287,
    "quarterfinal_prob": 0.03482,
    "r16_prob": 0.16984,
    "r32_prob": 0.66366,
    "counts": {
      "championships": 0,
      "finals": 6,
      "third_places": 22,
      "semifinals": 287,
      "quarterfinals": 3482,
      "r16": 16984,
      "r32": 66366
    }
  },
  "Senegal": {
    "champion_prob": 6e-05,
    "final_prob": 0.00202,
    "third_place_prob": 0.00469,
    "semifinal_prob": 0.03034,